# Serve static assets without redirecting
/assets/* /assets/:splat 200
/images/* /images/:splat 200
/fonts/* /fonts/:splat 200
/icons/* /icons/:splat 200

# Location redirects
/melbourne /melbourne/ 301
/perth /perth/ 301
/brisbane /brisbane/ 301
/adelaide /adelaide/ 301
/geelong /geelong/ 301

# Service + Location redirects for problematic paths
/services/drone-surveying/melbourne /services/drone-surveying/melbourne/ 301!
/services/drone-surveying/perth /services/drone-surveying/perth/ 301!
/services/drone-surveying/brisbane /services/drone-surveying/brisbane/ 301!
/services/drone-surveying/adelaide /services/drone-surveying/adelaide/ 301!
/services/drone-surveying/geelong /services/drone-surveying/geelong/ 301!

/services/engineering-surveying/melbourne /services/engineering-surveying/melbourne/ 301!
/services/engineering-surveying/perth /services/engineering-surveying/perth/ 301!
/services/engineering-surveying/brisbane /services/engineering-surveying/brisbane/ 301!
/services/engineering-surveying/adelaide /services/engineering-surveying/adelaide/ 301!
/services/engineering-surveying/geelong /services/engineering-surveying/geelong/ 301!

/services/land-surveying/melbourne /services/land-surveying/melbourne/ 301!
/services/land-surveying/perth /services/land-surveying/perth/ 301!
/services/land-surveying/brisbane /services/land-surveying/brisbane/ 301!
/services/land-surveying/adelaide /services/land-surveying/adelaide/ 301!
/services/land-surveying/geelong /services/land-surveying/geelong/ 301!

# Generic redirects
/services/drone-surveying /services/drone-surveying/ 301
/services/engineering-surveying /services/engineering-surveying/ 301
/services/land-surveying /services/land-surveying/ 301
/services /services/ 301

# 404 handling
/* /404 404